{
  "Total" : {
    "transaction" : "Total",
    "sampleCount" : 9065,
    "errorCount" : 29,
    "errorPct" : 0.31991175,
    "meanResTime" : 32.58510755653633,
    "medianResTime" : 14.0,
    "minResTime" : 7.0,
    "maxResTime" : 935.0,
    "pct1ResTime" : 26.0,
    "pct2ResTime" : 43.0,
    "pct3ResTime" : 547.3400000000001,
    "throughput" : 299.2341717831914,
    "receivedKBytesPerSec" : 747.3482205119001,
    "sentKBytesPerSec" : 34.371750594177065
  },
  "www.baidu.com" : {
    "transaction" : "www.baidu.com",
    "sampleCount" : 9065,
    "errorCount" : 29,
    "errorPct" : 0.31991175,
    "meanResTime" : 32.58510755653633,
    "medianResTime" : 14.0,
    "minResTime" : 7.0,
    "maxResTime" : 935.0,
    "pct1ResTime" : 26.0,
    "pct2ResTime" : 43.0,
    "pct3ResTime" : 547.3400000000001,
    "throughput" : 299.2341717831914,
    "receivedKBytesPerSec" : 747.3482205119001,
    "sentKBytesPerSec" : 34.371750594177065
  }
}