{
  "Total" : {
    "transaction" : "Total",
    "sampleCount" : 9136,
    "errorCount" : 30,
    "errorPct" : 0.3283713,
    "meanResTime" : 64.51149299474591,
    "medianResTime" : 18.0,
    "minResTime" : 7.0,
    "maxResTime" : 2827.0,
    "pct1ResTime" : 37.0,
    "pct2ResTime" : 543.2999999999993,
    "pct3ResTime" : 958.6299999999992,
    "throughput" : 304.82800040038705,
    "receivedKBytesPerSec" : 761.3409107971039,
    "sentKBytesPerSec" : 35.01131823262487
  },
  "www.baidu.com" : {
    "transaction" : "www.baidu.com",
    "sampleCount" : 9136,
    "errorCount" : 30,
    "errorPct" : 0.3283713,
    "meanResTime" : 64.51149299474591,
    "medianResTime" : 18.0,
    "minResTime" : 7.0,
    "maxResTime" : 2827.0,
    "pct1ResTime" : 37.0,
    "pct2ResTime" : 543.2999999999993,
    "pct3ResTime" : 958.6299999999992,
    "throughput" : 304.82800040038705,
    "receivedKBytesPerSec" : 761.3409107971039,
    "sentKBytesPerSec" : 35.01131823262487
  }
}